file,line,type,commit,author,date,time,timezone,datetime,depth,length
style.css,1,css,778cc5bf,Keanu Ventura,2025-10-08,23:26:20,-07:00,2025-10-08T23:26:20-07:00,0,4
style.css,2,css,36ffd7b2,Keanu Ventura,2025-10-13,12:17:40,-07:00,2025-10-13T12:17:40-07:00,1,31
style.css,3,css,36ffd7b2,Keanu Ventura,2025-10-13,12:17:40,-07:00,2025-10-13T12:17:40-07:00,1,32
style.css,4,css,2d2704f7,Keanu Ventura,2025-10-13,14:09:00,-07:00,2025-10-13T14:09:00-07:00,1,23
style.css,5,css,2d2704f7,Keanu Ventura,2025-10-13,14:09:00,-07:00,2025-10-13T14:09:00-07:00,0,0
style.css,6,css,2d2704f7,Keanu Ventura,2025-10-13,14:09:00,-07:00,2025-10-13T14:09:00-07:00,0,13
style.css,7,css,2d2704f7,Keanu Ventura,2025-10-13,14:09:00,-07:00,2025-10-13T14:09:00-07:00,1,17
style.css,8,css,2d2704f7,Keanu Ventura,2025-10-13,14:09:00,-07:00,2025-10-13T14:09:00-07:00,1,8
style.css,9,css,2d2704f7,Keanu Ventura,2025-10-13,14:09:00,-07:00,2025-10-13T14:09:00-07:00,1,10
style.css,10,css,2d2704f7,Keanu Ventura,2025-10-13,14:09:00,-07:00,2025-10-13T14:09:00-07:00,1,15
style.css,11,css,2d2704f7,Keanu Ventura,2025-10-13,14:09:00,-07:00,2025-10-13T14:09:00-07:00,1,19
style.css,12,css,2d2704f7,Keanu Ventura,2025-10-13,14:09:00,-07:00,2025-10-13T14:09:00-07:00,0,0
style.css,13,css,2d2704f7,Keanu Ventura,2025-10-13,14:09:00,-07:00,2025-10-13T14:09:00-07:00,0,20
style.css,14,css,2d2704f7,Keanu Ventura,2025-10-13,14:09:00,-07:00,2025-10-13T14:09:00-07:00,1,12
style.css,15,css,778cc5bf,Keanu Ventura,2025-10-08,23:26:20,-07:00,2025-10-08T23:26:20-07:00,0,0
style.css,16,css,cee77b30,Keanu Ventura,2025-09-29,15:29:16,-07:00,2025-09-29T15:29:16-07:00,0,4
style.css,17,css,cee77b30,Keanu Ventura,2025-09-29,15:29:16,-07:00,2025-09-29T15:29:16-07:00,2,23
style.css,18,css,778cc5bf,Keanu Ventura,2025-10-08,23:26:20,-07:00,2025-10-08T23:26:20-07:00,2,15
style.css,19,css,778cc5bf,Keanu Ventura,2025-10-08,23:26:20,-07:00,2025-10-08T23:26:20-07:00,2,13
style.css,20,css,778cc5bf,Keanu Ventura,2025-10-08,23:26:20,-07:00,2025-10-08T23:26:20-07:00,2,16
style.css,21,css,778cc5bf,Keanu Ventura,2025-10-08,23:26:20,-07:00,2025-10-08T23:26:20-07:00,2,16
style.css,22,css,778cc5bf,Keanu Ventura,2025-10-08,23:26:20,-07:00,2025-10-08T23:26:20-07:00,1,0
style.css,23,css,778cc5bf,Keanu Ventura,2025-10-08,23:26:20,-07:00,2025-10-08T23:26:20-07:00,1,5
style.css,24,css,778cc5bf,Keanu Ventura,2025-10-08,23:26:20,-07:00,2025-10-08T23:26:20-07:00,1,6
style.css,25,css,778cc5bf,Keanu Ventura,2025-10-08,23:26:20,-07:00,2025-10-08T23:26:20-07:00,2,16
style.css,26,css,778cc5bf,Keanu Ventura,2025-10-08,23:26:20,-07:00,2025-10-08T23:26:20-07:00,1,0
style.css,27,css,778cc5bf,Keanu Ventura,2025-10-08,23:26:20,-07:00,2025-10-08T23:26:20-07:00,1,3
style.css,28,css,778cc5bf,Keanu Ventura,2025-10-08,23:26:20,-07:00,2025-10-08T23:26:20-07:00,2,12
style.css,29,css,778cc5bf,Keanu Ventura,2025-10-08,23:26:20,-07:00,2025-10-08T23:26:20-07:00,2,17
style.css,30,css,2d2704f7,Keanu Ventura,2025-10-13,14:09:00,-07:00,2025-10-13T14:09:00-07:00,2,39
style.css,31,css,778cc5bf,Keanu Ventura,2025-10-08,23:26:20,-07:00,2025-10-08T23:26:20-07:00,1,0
style.css,32,css,778cc5bf,Keanu Ventura,2025-10-08,23:26:20,-07:00,2025-10-08T23:26:20-07:00,1,5
style.css,33,css,778cc5bf,Keanu Ventura,2025-10-08,23:26:20,-07:00,2025-10-08T23:26:20-07:00,2,6
style.css,34,css,778cc5bf,Keanu Ventura,2025-10-08,23:26:20,-07:00,2025-10-08T23:26:20-07:00,2,20
style.css,35,css,778cc5bf,Keanu Ventura,2025-10-08,23:26:20,-07:00,2025-10-08T23:26:20-07:00,2,13
style.css,36,css,778cc5bf,Keanu Ventura,2025-10-08,23:26:20,-07:00,2025-10-08T23:26:20-07:00,2,17
style.css,37,css,778cc5bf,Keanu Ventura,2025-10-08,23:26:20,-07:00,2025-10-08T23:26:20-07:00,2,13
style.css,38,css,2d2704f7,Keanu Ventura,2025-10-13,14:09:00,-07:00,2025-10-13T14:09:00-07:00,2,45
style.css,39,css,2d2704f7,Keanu Ventura,2025-10-13,14:09:00,-07:00,2025-10-13T14:09:00-07:00,2,20
style.css,40,css,778cc5bf,Keanu Ventura,2025-10-08,23:26:20,-07:00,2025-10-08T23:26:20-07:00,1,0
style.css,41,css,778cc5bf,Keanu Ventura,2025-10-08,23:26:20,-07:00,2025-10-08T23:26:20-07:00,1,13
style.css,42,css,2d2704f7,Keanu Ventura,2025-10-13,14:09:00,-07:00,2025-10-13T14:09:00-07:00,2,45
style.css,43,css,778cc5bf,Keanu Ventura,2025-10-08,23:26:20,-07:00,2025-10-08T23:26:20-07:00,2,20
style.css,44,css,778cc5bf,Keanu Ventura,2025-10-08,23:26:20,-07:00,2025-10-08T23:26:20-07:00,1,0
style.css,45,css,778cc5bf,Keanu Ventura,2025-10-08,23:26:20,-07:00,2025-10-08T23:26:20-07:00,1,11
style.css,46,css,778cc5bf,Keanu Ventura,2025-10-08,23:26:20,-07:00,2025-10-08T23:26:20-07:00,2,45
style.css,47,css,778cc5bf,Keanu Ventura,2025-10-08,23:26:20,-07:00,2025-10-08T23:26:20-07:00,2,20
style.css,48,css,2d2704f7,Keanu Ventura,2025-10-13,14:09:00,-07:00,2025-10-13T14:09:00-07:00,2,69
style.css,49,css,778cc5bf,Keanu Ventura,2025-10-08,23:26:20,-07:00,2025-10-08T23:26:20-07:00,1,0
style.css,50,css,778cc5bf,Keanu Ventura,2025-10-08,23:26:20,-07:00,2025-10-08T23:26:20-07:00,1,22
style.css,51,css,778cc5bf,Keanu Ventura,2025-10-08,23:26:20,-07:00,2025-10-08T23:26:20-07:00,2,12
style.css,52,css,778cc5bf,Keanu Ventura,2025-10-08,23:26:20,-07:00,2025-10-08T23:26:20-07:00,2,30
style.css,53,css,778cc5bf,Keanu Ventura,2025-10-08,23:26:20,-07:00,2025-10-08T23:26:20-07:00,2,7
style.css,54,css,778cc5bf,Keanu Ventura,2025-10-08,23:26:20,-07:00,2025-10-08T23:26:20-07:00,1,0
style.css,55,css,778cc5bf,Keanu Ventura,2025-10-08,23:26:20,-07:00,2025-10-08T23:26:20-07:00,1,28
style.css,56,css,778cc5bf,Keanu Ventura,2025-10-08,23:26:20,-07:00,2025-10-08T23:26:20-07:00,2,12
style.css,57,css,778cc5bf,Keanu Ventura,2025-10-08,23:26:20,-07:00,2025-10-08T23:26:20-07:00,1,0
style.css,58,css,778cc5bf,Keanu Ventura,2025-10-08,23:26:20,-07:00,2025-10-08T23:26:20-07:00,1,27
style.css,59,css,778cc5bf,Keanu Ventura,2025-10-08,23:26:20,-07:00,2025-10-08T23:26:20-07:00,1,30
style.css,60,css,778cc5bf,Keanu Ventura,2025-10-08,23:26:20,-07:00,2025-10-08T23:26:20-07:00,1,29
style.css,61,css,778cc5bf,Keanu Ventura,2025-10-08,23:26:20,-07:00,2025-10-08T23:26:20-07:00,1,12
style.css,62,css,778cc5bf,Keanu Ventura,2025-10-08,23:26:20,-07:00,2025-10-08T23:26:20-07:00,1,10
style.css,63,css,778cc5bf,Keanu Ventura,2025-10-08,23:26:20,-07:00,2025-10-08T23:26:20-07:00,1,21
style.css,64,css,778cc5bf,Keanu Ventura,2025-10-08,23:26:20,-07:00,2025-10-08T23:26:20-07:00,1,0
style.css,65,css,778cc5bf,Keanu Ventura,2025-10-08,23:26:20,-07:00,2025-10-08T23:26:20-07:00,1,29
style.css,66,css,778cc5bf,Keanu Ventura,2025-10-08,23:26:20,-07:00,2025-10-08T23:26:20-07:00,2,18
style.css,67,css,778cc5bf,Keanu Ventura,2025-10-08,23:26:20,-07:00,2025-10-08T23:26:20-07:00,1,0
style.css,68,css,778cc5bf,Keanu Ventura,2025-10-08,23:26:20,-07:00,2025-10-08T23:26:20-07:00,1,27
style.css,69,css,778cc5bf,Keanu Ventura,2025-10-08,23:26:20,-07:00,2025-10-08T23:26:20-07:00,2,12
style.css,70,css,778cc5bf,Keanu Ventura,2025-10-08,23:26:20,-07:00,2025-10-08T23:26:20-07:00,2,58
style.css,71,css,778cc5bf,Keanu Ventura,2025-10-08,23:26:20,-07:00,2025-10-08T23:26:20-07:00,2,7
style.css,72,css,778cc5bf,Keanu Ventura,2025-10-08,23:26:20,-07:00,2025-10-08T23:26:20-07:00,1,0
style.css,73,css,778cc5bf,Keanu Ventura,2025-10-08,23:26:20,-07:00,2025-10-08T23:26:20-07:00,1,35
style.css,74,css,778cc5bf,Keanu Ventura,2025-10-08,23:26:20,-07:00,2025-10-08T23:26:20-07:00,2,12
style.css,75,css,778cc5bf,Keanu Ventura,2025-10-08,23:26:20,-07:00,2025-10-08T23:26:20-07:00,2,26
style.css,76,css,778cc5bf,Keanu Ventura,2025-10-08,23:26:20,-07:00,2025-10-08T23:26:20-07:00,2,15
style.css,77,css,778cc5bf,Keanu Ventura,2025-10-08,23:26:20,-07:00,2025-10-08T23:26:20-07:00,2,7
style.css,78,css,778cc5bf,Keanu Ventura,2025-10-08,23:26:20,-07:00,2025-10-08T23:26:20-07:00,1,0
style.css,79,css,778cc5bf,Keanu Ventura,2025-10-08,23:26:20,-07:00,2025-10-08T23:26:20-07:00,1,38
style.css,80,css,3bb926f6,Keanu Ventura,2025-10-27,15:22:57,-07:00,2025-10-27T15:22:57-07:00,2,17
style.css,81,css,778cc5bf,Keanu Ventura,2025-10-08,23:26:20,-07:00,2025-10-08T23:26:20-07:00,1,0
style.css,82,css,778cc5bf,Keanu Ventura,2025-10-08,23:26:20,-07:00,2025-10-08T23:26:20-07:00,1,22
style.css,83,css,778cc5bf,Keanu Ventura,2025-10-08,23:26:20,-07:00,2025-10-08T23:26:20-07:00,2,15
style.css,84,css,778cc5bf,Keanu Ventura,2025-10-08,23:26:20,-07:00,2025-10-08T23:26:20-07:00,2,17
style.css,85,css,778cc5bf,Keanu Ventura,2025-10-08,23:26:20,-07:00,2025-10-08T23:26:20-07:00,1,0
style.css,86,css,778cc5bf,Keanu Ventura,2025-10-08,23:26:20,-07:00,2025-10-08T23:26:20-07:00,1,2
style.css,87,css,778cc5bf,Keanu Ventura,2025-10-08,23:26:20,-07:00,2025-10-08T23:26:20-07:00,2,13
style.css,88,css,778cc5bf,Keanu Ventura,2025-10-08,23:26:20,-07:00,2025-10-08T23:26:20-07:00,1,0
style.css,89,css,38bb6f25,Keanu Ventura,2025-10-08,23:45:26,-07:00,2025-10-08T23:45:26-07:00,1,19
style.css,90,css,38bb6f25,Keanu Ventura,2025-10-08,23:45:26,-07:00,2025-10-08T23:45:26-07:00,2,13
style.css,91,css,b191b1a0,Keanu Ventura,2025-10-09,00:10:41,-07:00,2025-10-09T00:10:41-07:00,2,19
style.css,92,css,b191b1a0,Keanu Ventura,2025-10-09,00:10:41,-07:00,2025-10-09T00:10:41-07:00,2,41
style.css,93,css,b191b1a0,Keanu Ventura,2025-10-09,00:10:41,-07:00,2025-10-09T00:10:41-07:00,2,20
style.css,94,css,b191b1a0,Keanu Ventura,2025-10-09,00:10:41,-07:00,2025-10-09T00:10:41-07:00,1,0
style.css,95,css,b191b1a0,Keanu Ventura,2025-10-09,00:10:41,-07:00,2025-10-09T00:10:41-07:00,1,19
style.css,96,css,b191b1a0,Keanu Ventura,2025-10-09,00:10:41,-07:00,2025-10-09T00:10:41-07:00,2,15
style.css,97,css,b191b1a0,Keanu Ventura,2025-10-09,00:10:41,-07:00,2025-10-09T00:10:41-07:00,2,16
style.css,98,css,b191b1a0,Keanu Ventura,2025-10-09,00:10:41,-07:00,2025-10-09T00:10:41-07:00,2,19
style.css,99,css,b191b1a0,Keanu Ventura,2025-10-09,00:10:41,-07:00,2025-10-09T00:10:41-07:00,2,18
style.css,100,css,38bb6f25,Keanu Ventura,2025-10-08,23:45:26,-07:00,2025-10-08T23:45:26-07:00,1,0
style.css,101,css,38bb6f25,Keanu Ventura,2025-10-08,23:45:26,-07:00,2025-10-08T23:45:26-07:00,1,24
style.css,102,css,b191b1a0,Keanu Ventura,2025-10-09,00:10:41,-07:00,2025-10-09T00:10:41-07:00,2,17
style.css,103,css,38bb6f25,Keanu Ventura,2025-10-08,23:45:26,-07:00,2025-10-08T23:45:26-07:00,1,0
style.css,104,css,38bb6f25,Keanu Ventura,2025-10-08,23:45:26,-07:00,2025-10-08T23:45:26-07:00,1,18
style.css,105,css,38bb6f25,Keanu Ventura,2025-10-08,23:45:26,-07:00,2025-10-08T23:45:26-07:00,2,20
style.css,106,css,38bb6f25,Keanu Ventura,2025-10-08,23:45:26,-07:00,2025-10-08T23:45:26-07:00,2,13
style.css,107,css,38bb6f25,Keanu Ventura,2025-10-08,23:45:26,-07:00,2025-10-08T23:45:26-07:00,2,17
style.css,108,css,38bb6f25,Keanu Ventura,2025-10-08,23:45:26,-07:00,2025-10-08T23:45:26-07:00,2,13
style.css,109,css,b191b1a0,Keanu Ventura,2025-10-09,00:10:41,-07:00,2025-10-09T00:10:41-07:00,2,41
style.css,110,css,38bb6f25,Keanu Ventura,2025-10-08,23:45:26,-07:00,2025-10-08T23:45:26-07:00,1,0
style.css,111,css,38bb6f25,Keanu Ventura,2025-10-08,23:45:26,-07:00,2025-10-08T23:45:26-07:00,1,24
style.css,112,css,38bb6f25,Keanu Ventura,2025-10-08,23:45:26,-07:00,2025-10-08T23:45:26-07:00,2,25
style.css,113,css,38bb6f25,Keanu Ventura,2025-10-08,23:45:26,-07:00,2025-10-08T23:45:26-07:00,2,25
style.css,114,css,38bb6f25,Keanu Ventura,2025-10-08,23:45:26,-07:00,2025-10-08T23:45:26-07:00,2,45
style.css,115,css,38bb6f25,Keanu Ventura,2025-10-08,23:45:26,-07:00,2025-10-08T23:45:26-07:00,2,21
style.css,116,css,38bb6f25,Keanu Ventura,2025-10-08,23:45:26,-07:00,2025-10-08T23:45:26-07:00,2,57
style.css,117,css,b191b1a0,Keanu Ventura,2025-10-09,00:10:41,-07:00,2025-10-09T00:10:41-07:00,1,0
style.css,118,css,b191b1a0,Keanu Ventura,2025-10-09,00:10:41,-07:00,2025-10-09T00:10:41-07:00,1,19
style.css,119,css,b191b1a0,Keanu Ventura,2025-10-09,00:10:41,-07:00,2025-10-09T00:10:41-07:00,2,16
style.css,120,css,a097965f,Keanu Ventura,2025-10-24,13:24:29,-07:00,2025-10-24T13:24:29-07:00,1,0
style.css,121,css,a097965f,Keanu Ventura,2025-10-24,13:24:29,-07:00,2025-10-24T13:24:29-07:00,0,17
style.css,122,css,a097965f,Keanu Ventura,2025-10-24,13:24:29,-07:00,2025-10-24T13:24:29-07:00,2,12
style.css,123,css,a097965f,Keanu Ventura,2025-10-24,13:24:29,-07:00,2025-10-24T13:24:29-07:00,2,36
style.css,124,css,a097965f,Keanu Ventura,2025-10-24,13:24:29,-07:00,2025-10-24T13:24:29-07:00,2,10
style.css,125,css,a097965f,Keanu Ventura,2025-10-24,13:24:29,-07:00,2025-10-24T13:24:29-07:00,2,15
style.css,126,css,a097965f,Keanu Ventura,2025-10-24,13:24:29,-07:00,2025-10-24T13:24:29-07:00,0,0
style.css,127,css,a097965f,Keanu Ventura,2025-10-24,13:24:29,-07:00,2025-10-24T13:24:29-07:00,0,17
style.css,128,css,a097965f,Keanu Ventura,2025-10-24,13:24:29,-07:00,2025-10-24T13:24:29-07:00,2,10
style.css,129,css,a097965f,Keanu Ventura,2025-10-24,13:24:29,-07:00,2025-10-24T13:24:29-07:00,2,16
style.css,130,css,a097965f,Keanu Ventura,2025-10-24,13:24:29,-07:00,2025-10-24T13:24:29-07:00,2,17
style.css,131,css,a097965f,Keanu Ventura,2025-10-24,13:24:29,-07:00,2025-10-24T13:24:29-07:00,0,0
style.css,132,css,a097965f,Keanu Ventura,2025-10-24,13:24:29,-07:00,2025-10-24T13:24:29-07:00,0,17
style.css,133,css,a097965f,Keanu Ventura,2025-10-24,13:24:29,-07:00,2025-10-24T13:24:29-07:00,2,10
style.css,134,css,a097965f,Keanu Ventura,2025-10-24,13:24:29,-07:00,2025-10-24T13:24:29-07:00,2,8
style.css,135,css,a097965f,Keanu Ventura,2025-10-24,13:24:29,-07:00,2025-10-24T13:24:29-07:00,2,17
style.css,136,css,a097965f,Keanu Ventura,2025-10-24,13:24:29,-07:00,2025-10-24T13:24:29-07:00,0,0
style.css,137,css,a097965f,Keanu Ventura,2025-10-24,13:24:29,-07:00,2025-10-24T13:24:29-07:00,0,12
style.css,138,css,a097965f,Keanu Ventura,2025-10-24,13:24:29,-07:00,2025-10-24T13:24:29-07:00,1,15
style.css,139,css,a097965f,Keanu Ventura,2025-10-24,13:24:29,-07:00,2025-10-24T13:24:29-07:00,1,11
style.css,140,css,a097965f,Keanu Ventura,2025-10-24,13:24:29,-07:00,2025-10-24T13:24:29-07:00,1,13
style.css,141,css,a097965f,Keanu Ventura,2025-10-24,13:24:29,-07:00,2025-10-24T13:24:29-07:00,1,8
style.css,142,css,a097965f,Keanu Ventura,2025-10-24,13:24:29,-07:00,2025-10-24T13:24:29-07:00,0,0
style.css,143,css,a097965f,Keanu Ventura,2025-10-24,13:24:29,-07:00,2025-10-24T13:24:29-07:00,0,43
style.css,144,css,3bb926f6,Keanu Ventura,2025-10-27,15:22:57,-07:00,2025-10-27T15:22:57-07:00,1,14
style.css,145,css,a097965f,Keanu Ventura,2025-10-24,13:24:29,-07:00,2025-10-24T13:24:29-07:00,1,11
style.css,146,css,a097965f,Keanu Ventura,2025-10-24,13:24:29,-07:00,2025-10-24T13:24:29-07:00,1,13
style.css,147,css,a097965f,Keanu Ventura,2025-10-24,13:24:29,-07:00,2025-10-24T13:24:29-07:00,1,8
style.css,148,css,3bb926f6,Keanu Ventura,2025-10-27,15:22:57,-07:00,2025-10-27T15:22:57-07:00,0,0
style.css,149,css,3bb926f6,Keanu Ventura,2025-10-27,15:22:57,-07:00,2025-10-27T15:22:57-07:00,0,35
style.css,150,css,3bb926f6,Keanu Ventura,2025-10-27,15:22:57,-07:00,2025-10-27T15:22:57-07:00,1,12
style.css,151,css,3bb926f6,Keanu Ventura,2025-10-27,15:22:57,-07:00,2025-10-27T15:22:57-07:00,1,21
style.css,152,css,3bb926f6,Keanu Ventura,2025-10-27,15:22:57,-07:00,2025-10-27T15:22:57-07:00,1,10
style.css,153,css,3bb926f6,Keanu Ventura,2025-10-27,15:22:57,-07:00,2025-10-27T15:22:57-07:00,0,0
style.css,154,css,3bb926f6,Keanu Ventura,2025-10-27,15:22:57,-07:00,2025-10-27T15:22:57-07:00,0,13
style.css,155,css,3bb926f6,Keanu Ventura,2025-10-27,15:22:57,-07:00,2025-10-27T15:22:57-07:00,1,64
style.css,156,css,3bb926f6,Keanu Ventura,2025-10-27,15:22:57,-07:00,2025-10-27T15:22:57-07:00,1,34
style.css,157,css,3bb926f6,Keanu Ventura,2025-10-27,15:22:57,-07:00,2025-10-27T15:22:57-07:00,1,7
style.css,158,css,3bb926f6,Keanu Ventura,2025-10-27,15:22:57,-07:00,2025-10-27T15:22:57-07:00,0,0
style.css,159,css,3bb926f6,Keanu Ventura,2025-10-27,15:22:57,-07:00,2025-10-27T15:22:57-07:00,0,18
style.css,160,css,3bb926f6,Keanu Ventura,2025-10-27,15:22:57,-07:00,2025-10-27T15:22:57-07:00,1,14
style.css,161,css,3bb926f6,Keanu Ventura,2025-10-27,15:22:57,-07:00,2025-10-27T15:22:57-07:00,1,16
style.css,162,css,3bb926f6,Keanu Ventura,2025-10-27,15:22:57,-07:00,2025-10-27T15:22:57-07:00,0,0
style.css,163,css,3bb926f6,Keanu Ventura,2025-10-27,15:22:57,-07:00,2025-10-27T15:22:57-07:00,1,16
style.css,164,css,3bb926f6,Keanu Ventura,2025-10-27,15:22:57,-07:00,2025-10-27T15:22:57-07:00,0,0
style.css,165,css,3bb926f6,Keanu Ventura,2025-10-27,15:22:57,-07:00,2025-10-27T15:22:57-07:00,0,15
style.css,166,css,3bb926f6,Keanu Ventura,2025-10-27,15:22:57,-07:00,2025-10-27T15:22:57-07:00,1,10
style.css,167,css,3bb926f6,Keanu Ventura,2025-10-27,15:22:57,-07:00,2025-10-27T15:22:57-07:00,1,18
style.css,168,css,3bb926f6,Keanu Ventura,2025-10-27,15:22:57,-07:00,2025-10-27T15:22:57-07:00,1,29
style.css,169,css,3bb926f6,Keanu Ventura,2025-10-27,15:22:57,-07:00,2025-10-27T15:22:57-07:00,1,17
style.css,170,css,3bb926f6,Keanu Ventura,2025-10-27,15:22:57,-07:00,2025-10-27T15:22:57-07:00,1,20
style.css,171,css,3bb926f6,Keanu Ventura,2025-10-27,15:22:57,-07:00,2025-10-27T15:22:57-07:00,0,0
style.css,172,css,3bb926f6,Keanu Ventura,2025-10-27,15:22:57,-07:00,2025-10-27T15:22:57-07:00,0,7
style.css,173,css,9e1e403a,Keanu Ventura,2025-10-27,22:37:05,-07:00,2025-10-27T22:37:05-07:00,1,6
style.css,174,css,3bb926f6,Keanu Ventura,2025-10-27,15:22:57,-07:00,2025-10-27T15:22:57-07:00,1,15
style.css,175,css,3bb926f6,Keanu Ventura,2025-10-27,15:22:57,-07:00,2025-10-27T15:22:57-07:00,1,12
style.css,176,css,3bb926f6,Keanu Ventura,2025-10-27,15:22:57,-07:00,2025-10-27T15:22:57-07:00,1,57
style.css,177,css,3bb926f6,Keanu Ventura,2025-10-27,15:22:57,-07:00,2025-10-27T15:22:57-07:00,1,15
style.css,178,css,3bb926f6,Keanu Ventura,2025-10-27,15:22:57,-07:00,2025-10-27T15:22:57-07:00,1,15
style.css,179,css,3bb926f6,Keanu Ventura,2025-10-27,15:22:57,-07:00,2025-10-27T15:22:57-07:00,1,19
style.css,180,css,3bb926f6,Keanu Ventura,2025-10-27,15:22:57,-07:00,2025-10-27T15:22:57-07:00,1,13
style.css,181,css,3bb926f6,Keanu Ventura,2025-10-27,15:22:57,-07:00,2025-10-27T15:22:57-07:00,1,21
style.css,182,css,3bb926f6,Keanu Ventura,2025-10-27,15:22:57,-07:00,2025-10-27T15:22:57-07:00,1,17
style.css,183,css,3bb926f6,Keanu Ventura,2025-10-27,15:22:57,-07:00,2025-10-27T15:22:57-07:00,0,0
style.css,184,css,3bb926f6,Keanu Ventura,2025-10-27,15:22:57,-07:00,2025-10-27T15:22:57-07:00,0,12
style.css,185,css,3bb926f6,Keanu Ventura,2025-10-27,15:22:57,-07:00,2025-10-27T15:22:57-07:00,1,12
style.css,186,css,3bb926f6,Keanu Ventura,2025-10-27,15:22:57,-07:00,2025-10-27T15:22:57-07:00,1,18
style.css,187,css,3bb926f6,Keanu Ventura,2025-10-27,15:22:57,-07:00,2025-10-27T15:22:57-07:00,1,11
style.css,188,css,3bb926f6,Keanu Ventura,2025-10-27,15:22:57,-07:00,2025-10-27T15:22:57-07:00,0,0
style.css,189,css,3bb926f6,Keanu Ventura,2025-10-27,15:22:57,-07:00,2025-10-27T15:22:57-07:00,0,10
style.css,190,css,3bb926f6,Keanu Ventura,2025-10-27,15:22:57,-07:00,2025-10-27T15:22:57-07:00,1,12
style.css,191,css,3bb926f6,Keanu Ventura,2025-10-27,15:22:57,-07:00,2025-10-27T15:22:57-07:00,1,22
style.css,192,css,3bb926f6,Keanu Ventura,2025-10-27,15:22:57,-07:00,2025-10-27T15:22:57-07:00,1,8
style.css,193,css,3bb926f6,Keanu Ventura,2025-10-27,15:22:57,-07:00,2025-10-27T15:22:57-07:00,1,16
style.css,194,css,3bb926f6,Keanu Ventura,2025-10-27,15:22:57,-07:00,2025-10-27T15:22:57-07:00,0,0
style.css,195,css,3bb926f6,Keanu Ventura,2025-10-27,15:22:57,-07:00,2025-10-27T15:22:57-07:00,0,0
style.css,196,css,3bb926f6,Keanu Ventura,2025-10-27,15:22:57,-07:00,2025-10-27T15:22:57-07:00,0,14
style.css,197,css,3bb926f6,Keanu Ventura,2025-10-27,15:22:57,-07:00,2025-10-27T15:22:57-07:00,1,14
style.css,198,css,3bb926f6,Keanu Ventura,2025-10-27,15:22:57,-07:00,2025-10-27T15:22:57-07:00,1,14
style.css,199,css,3bb926f6,Keanu Ventura,2025-10-27,15:22:57,-07:00,2025-10-27T15:22:57-07:00,1,11
style.css,200,css,3bb926f6,Keanu Ventura,2025-10-27,15:22:57,-07:00,2025-10-27T15:22:57-07:00,1,14
style.css,201,css,9e1e403a,Keanu Ventura,2025-10-27,22:37:05,-07:00,2025-10-27T22:37:05-07:00,0,0
style.css,202,css,9e1e403a,Keanu Ventura,2025-10-27,22:37:05,-07:00,2025-10-27T22:37:05-07:00,0,10
style.css,203,css,9e1e403a,Keanu Ventura,2025-10-27,22:37:05,-07:00,2025-10-27T22:37:05-07:00,1,10
style.css,204,css,9e1e403a,Keanu Ventura,2025-10-27,22:37:05,-07:00,2025-10-27T22:37:05-07:00,1,19
style.css,205,css,9e1e403a,Keanu Ventura,2025-10-27,22:37:05,-07:00,2025-10-27T22:37:05-07:00,1,21
style.css,206,css,9e1e403a,Keanu Ventura,2025-10-27,22:37:05,-07:00,2025-10-27T22:37:05-07:00,1,17
style.css,207,css,9e1e403a,Keanu Ventura,2025-10-27,22:37:05,-07:00,2025-10-27T22:37:05-07:00,1,16
style.css,208,css,9e1e403a,Keanu Ventura,2025-10-27,22:37:05,-07:00,2025-10-27T22:37:05-07:00,1,20
style.css,209,css,9e1e403a,Keanu Ventura,2025-10-27,22:37:05,-07:00,2025-10-27T22:37:05-07:00,0,0
style.css,210,css,9e1e403a,Keanu Ventura,2025-10-27,22:37:05,-07:00,2025-10-27T22:37:05-07:00,0,16
style.css,211,css,9e1e403a,Keanu Ventura,2025-10-27,22:37:05,-07:00,2025-10-27T22:37:05-07:00,1,12
style.css,212,css,9e1e403a,Keanu Ventura,2025-10-27,22:37:05,-07:00,2025-10-27T22:37:05-07:00,1,17
style.css,213,css,9e1e403a,Keanu Ventura,2025-10-27,22:37:05,-07:00,2025-10-27T22:37:05-07:00,1,41
style.css,214,css,9e1e403a,Keanu Ventura,2025-10-27,22:37:05,-07:00,2025-10-27T22:37:05-07:00,0,0
style.css,215,css,9e1e403a,Keanu Ventura,2025-10-27,22:37:05,-07:00,2025-10-27T22:37:05-07:00,0,23
style.css,216,css,9e1e403a,Keanu Ventura,2025-10-27,22:37:05,-07:00,2025-10-27T22:37:05-07:00,1,17
style.css,217,css,9e1e403a,Keanu Ventura,2025-10-27,22:37:05,-07:00,2025-10-27T22:37:05-07:00,1,10
style.css,218,css,9e1e403a,Keanu Ventura,2025-10-27,22:37:05,-07:00,2025-10-27T22:37:05-07:00,0,0
style.css,219,css,9e1e403a,Keanu Ventura,2025-10-27,22:37:05,-07:00,2025-10-27T22:37:05-07:00,0,51
style.css,220,css,9e1e403a,Keanu Ventura,2025-10-27,22:37:05,-07:00,2025-10-27T22:37:05-07:00,1,11
style.css,221,css,9e1e403a,Keanu Ventura,2025-10-27,22:37:05,-07:00,2025-10-27T22:37:05-07:00,0,0
style.css,222,css,9e1e403a,Keanu Ventura,2025-10-27,22:37:05,-07:00,2025-10-27T22:37:05-07:00,0,23
style.css,223,css,9e1e403a,Keanu Ventura,2025-10-27,22:37:05,-07:00,2025-10-27T22:37:05-07:00,1,14
style.css,224,css,9e1e403a,Keanu Ventura,2025-10-27,22:37:05,-07:00,2025-10-27T22:37:05-07:00,1,16
style.css,225,css,9e1e403a,Keanu Ventura,2025-10-27,22:37:05,-07:00,2025-10-27T22:37:05-07:00,0,0
style.css,226,css,9e1e403a,Keanu Ventura,2025-10-27,22:37:05,-07:00,2025-10-27T22:37:05-07:00,0,32
style.css,227,css,9e1e403a,Keanu Ventura,2025-10-27,22:37:05,-07:00,2025-10-27T22:37:05-07:00,1,32
style.css,228,css,a097965f,Keanu Ventura,2025-10-24,13:24:29,-07:00,2025-10-24T13:24:29-07:00,0,0
index.js,1,js,1a11cfeb,Keanu Ventura,2025-10-24,16:15:12,-07:00,2025-10-24T16:15:12-07:00,0,82
index.js,2,js,08ff9b14,Keanu Ventura,2025-10-24,15:58:52,-07:00,2025-10-24T15:58:52-07:00,0,64
index.js,3,js,3bbb6f73,Keanu Ventura,2025-10-21,16:56:30,-07:00,2025-10-21T16:56:30-07:00,0,42
index.js,4,js,3bbb6f73,Keanu Ventura,2025-10-21,16:56:30,-07:00,2025-10-21T16:56:30-07:00,0,60
index.js,5,js,a097965f,Keanu Ventura,2025-10-24,13:24:29,-07:00,2025-10-24T13:24:29-07:00,0,54
index.js,6,js,a097965f,Keanu Ventura,2025-10-24,13:24:29,-07:00,2025-10-24T13:24:29-07:00,0,55
index.js,7,js,a097965f,Keanu Ventura,2025-10-24,13:24:29,-07:00,2025-10-24T13:24:29-07:00,0,60
index.js,8,js,a097965f,Keanu Ventura,2025-10-24,13:24:29,-07:00,2025-10-24T13:24:29-07:00,0,17
index.js,9,js,a097965f,Keanu Ventura,2025-10-24,13:24:29,-07:00,2025-10-24T13:24:29-07:00,2,24
index.js,10,js,a097965f,Keanu Ventura,2025-10-24,13:24:29,-07:00,2025-10-24T13:24:29-07:00,5,2
index.js,11,js,a097965f,Keanu Ventura,2025-10-24,13:24:29,-07:00,2025-10-24T13:24:29-07:00,6,55
index.js,12,js,a097965f,Keanu Ventura,2025-10-24,13:24:29,-07:00,2025-10-24T13:24:29-07:00,6,55
index.js,13,js,a097965f,Keanu Ventura,2025-10-24,13:24:29,-07:00,2025-10-24T13:24:29-07:00,6,49
index.js,14,js,a097965f,Keanu Ventura,2025-10-24,13:24:29,-07:00,2025-10-24T13:24:29-07:00,6,49
index.js,15,js,a097965f,Keanu Ventura,2025-10-24,13:24:29,-07:00,2025-10-24T13:24:29-07:00,5,3
index.js,16,js,a097965f,Keanu Ventura,2025-10-24,13:24:29,-07:00,2025-10-24T13:24:29-07:00,3,0
index.js,17,js,a097965f,Keanu Ventura,2025-10-24,13:24:29,-07:00,2025-10-24T13:24:29-07:00,1,0
index.html,1,html,5ff75302,Keanu Ventura,2025-09-29,11:32:43,-07:00,2025-09-29T11:32:43-07:00,0,13
index.html,2,html,5ff75302,Keanu Ventura,2025-09-29,11:32:43,-07:00,2025-09-29T11:32:43-07:00,0,14
index.html,3,html,5ff75302,Keanu Ventura,2025-09-29,11:32:43,-07:00,2025-09-29T11:32:43-07:00,0,4
index.html,4,html,5ff75302,Keanu Ventura,2025-09-29,11:32:43,-07:00,2025-09-29T11:32:43-07:00,2,20
index.html,5,html,5ff75302,Keanu Ventura,2025-09-29,11:32:43,-07:00,2025-09-29T11:32:43-07:00,2,68
index.html,6,html,5ff75302,Keanu Ventura,2025-09-29,11:32:43,-07:00,2025-09-29T11:32:43-07:00,2,55
index.html,7,html,7fdf27a4,Keanu Ventura,2025-09-29,14:45:50,-07:00,2025-09-29T14:45:50-07:00,2,38
index.html,8,html,5ff75302,Keanu Ventura,2025-09-29,11:32:43,-07:00,2025-09-29T11:32:43-07:00,0,5
index.html,9,html,5ff75302,Keanu Ventura,2025-09-29,11:32:43,-07:00,2025-09-29T11:32:43-07:00,0,4
index.html,10,html,af0a2dc0,Keanu Ventura,2025-10-01,14:08:13,-07:00,2025-10-01T14:08:13-07:00,2,20
index.html,11,html,af0a2dc0,Keanu Ventura,2025-10-01,14:08:13,-07:00,2025-10-01T14:08:13-07:00,2,2
index.html,12,html,a097965f,Keanu Ventura,2025-10-24,13:24:29,-07:00,2025-10-24T13:24:29-07:00,2,18
index.html,13,html,af0a2dc0,Keanu Ventura,2025-10-01,14:08:13,-07:00,2025-10-01T14:08:13-07:00,2,21
index.html,14,html,a097965f,Keanu Ventura,2025-10-24,13:24:29,-07:00,2025-10-24T13:24:29-07:00,2,9
index.html,15,html,a097965f,Keanu Ventura,2025-10-24,13:24:29,-07:00,2025-10-24T13:24:29-07:00,2,12
index.html,16,html,a097965f,Keanu Ventura,2025-10-24,13:24:29,-07:00,2025-10-24T13:24:29-07:00,2,120
index.html,17,html,a097965f,Keanu Ventura,2025-10-24,13:24:29,-07:00,2025-10-24T13:24:29-07:00,4,119
index.html,18,html,3bb926f6,Keanu Ventura,2025-10-27,15:22:57,-07:00,2025-10-27T15:22:57-07:00,4,115
index.html,19,html,3bb926f6,Keanu Ventura,2025-10-27,15:22:57,-07:00,2025-10-27T15:22:57-07:00,4,116
index.html,20,html,3bb926f6,Keanu Ventura,2025-10-27,15:22:57,-07:00,2025-10-27T15:22:57-07:00,4,119
index.html,21,html,a097965f,Keanu Ventura,2025-10-24,13:24:29,-07:00,2025-10-24T13:24:29-07:00,2,2
index.html,22,html,a097965f,Keanu Ventura,2025-10-24,13:24:29,-07:00,2025-10-24T13:24:29-07:00,2,22
index.html,23,html,a097965f,Keanu Ventura,2025-10-24,13:24:29,-07:00,2025-10-24T13:24:29-07:00,2,20
index.html,24,html,a097965f,Keanu Ventura,2025-10-24,13:24:29,-07:00,2025-10-24T13:24:29-07:00,2,4
index.html,25,html,a097965f,Keanu Ventura,2025-10-24,13:24:29,-07:00,2025-10-24T13:24:29-07:00,2,22
index.html,26,html,a097965f,Keanu Ventura,2025-10-24,13:24:29,-07:00,2025-10-24T13:24:29-07:00,2,22
index.html,27,html,a097965f,Keanu Ventura,2025-10-24,13:24:29,-07:00,2025-10-24T13:24:29-07:00,3,4
index.html,28,html,a097965f,Keanu Ventura,2025-10-24,13:24:29,-07:00,2025-10-24T13:24:29-07:00,2,50
index.html,29,html,5ff75302,Keanu Ventura,2025-09-29,11:32:43,-07:00,2025-09-29T11:32:43-07:00,0,5
index.html,30,html,5ff75302,Keanu Ventura,2025-09-29,11:32:43,-07:00,2025-09-29T11:32:43-07:00,0,5
global.js,1,js,36ffd7b2,Keanu Ventura,2025-10-13,12:17:40,-07:00,2025-10-13T12:17:40-07:00,0,25
global.js,2,js,36ffd7b2,Keanu Ventura,2025-10-13,12:17:40,-07:00,2025-10-13T12:17:40-07:00,0,0
global.js,3,js,36ffd7b2,Keanu Ventura,2025-10-13,12:17:40,-07:00,2025-10-13T12:17:40-07:00,0,41
global.js,4,js,36ffd7b2,Keanu Ventura,2025-10-13,12:17:40,-07:00,2025-10-13T12:17:40-07:00,1,52
global.js,5,js,36ffd7b2,Keanu Ventura,2025-10-13,12:17:40,-07:00,2025-10-13T12:17:40-07:00,0,0
global.js,6,js,36ffd7b2,Keanu Ventura,2025-10-13,12:17:40,-07:00,2025-10-13T12:17:40-07:00,0,11
global.js,7,js,36ffd7b2,Keanu Ventura,2025-10-13,12:17:40,-07:00,2025-10-13T12:17:40-07:00,2,25
global.js,8,js,36ffd7b2,Keanu Ventura,2025-10-13,12:17:40,-07:00,2025-10-13T12:17:40-07:00,2,38
global.js,9,js,36ffd7b2,Keanu Ventura,2025-10-13,12:17:40,-07:00,2025-10-13T12:17:40-07:00,2,34
global.js,10,js,36ffd7b2,Keanu Ventura,2025-10-13,12:17:40,-07:00,2025-10-13T12:17:40-07:00,2,36
global.js,11,js,969d580c,Keanu Ventura,2025-11-02,19:06:40,-08:00,2025-11-02T19:06:40-08:00,2,30
global.js,12,js,36ffd7b2,Keanu Ventura,2025-10-13,12:17:40,-07:00,2025-10-13T12:17:40-07:00,2,73
global.js,13,js,36ffd7b2,Keanu Ventura,2025-10-13,12:17:40,-07:00,2025-10-13T12:17:40-07:00,0,0
global.js,14,js,36ffd7b2,Keanu Ventura,2025-10-13,12:17:40,-07:00,2025-10-13T12:17:40-07:00,0,88
global.js,15,js,36ffd7b2,Keanu Ventura,2025-10-13,12:17:40,-07:00,2025-10-13T12:17:40-07:00,2,3
global.js,16,js,6a2291e1,Keanu Ventura,2025-10-13,19:32:52,-07:00,2025-10-13T19:32:52-07:00,2,14
global.js,17,js,36ffd7b2,Keanu Ventura,2025-10-13,12:17:40,-07:00,2025-10-13T12:17:40-07:00,0,38
global.js,18,js,36ffd7b2,Keanu Ventura,2025-10-13,12:17:40,-07:00,2025-10-13T12:17:40-07:00,0,25
global.js,19,js,36ffd7b2,Keanu Ventura,2025-10-13,12:17:40,-07:00,2025-10-13T12:17:40-07:00,0,20
global.js,20,js,36ffd7b2,Keanu Ventura,2025-10-13,12:17:40,-07:00,2025-10-13T12:17:40-07:00,2,14
global.js,21,js,36ffd7b2,Keanu Ventura,2025-10-13,12:17:40,-07:00,2025-10-13T12:17:40-07:00,2,52
global.js,22,js,36ffd7b2,Keanu Ventura,2025-10-13,12:17:40,-07:00,2025-10-13T12:17:40-07:00,2,18
global.js,23,js,36ffd7b2,Keanu Ventura,2025-10-13,12:17:40,-07:00,2025-10-13T12:17:40-07:00,2,34
global.js,24,js,36ffd7b2,Keanu Ventura,2025-10-13,12:17:40,-07:00,2025-10-13T12:17:40-07:00,2,11
global.js,25,js,36ffd7b2,Keanu Ventura,2025-10-13,12:17:40,-07:00,2025-10-13T12:17:40-07:00,2,20
global.js,26,js,36ffd7b2,Keanu Ventura,2025-10-13,12:17:40,-07:00,2025-10-13T12:17:40-07:00,2,29
global.js,27,js,36ffd7b2,Keanu Ventura,2025-10-13,12:17:40,-07:00,2025-10-13T12:17:40-07:00,4,18
global.js,28,js,36ffd7b2,Keanu Ventura,2025-10-13,12:17:40,-07:00,2025-10-13T12:17:40-07:00,2,0
global.js,29,js,36ffd7b2,Keanu Ventura,2025-10-13,12:17:40,-07:00,2025-10-13T12:17:40-07:00,2,65
global.js,30,js,36ffd7b2,Keanu Ventura,2025-10-13,12:17:40,-07:00,2025-10-13T12:17:40-07:00,4,25
global.js,31,js,36ffd7b2,Keanu Ventura,2025-10-13,12:17:40,-07:00,2025-10-13T12:17:40-07:00,2,0
global.js,32,js,36ffd7b2,Keanu Ventura,2025-10-13,12:17:40,-07:00,2025-10-13T12:17:40-07:00,2,12
global.js,33,js,2d2704f7,Keanu Ventura,2025-10-13,14:09:00,-07:00,2025-10-13T14:09:00-07:00,0,0
global.js,34,js,2d2704f7,Keanu Ventura,2025-10-13,14:09:00,-07:00,2025-10-13T14:09:00-07:00,0,31
global.js,35,js,2d2704f7,Keanu Ventura,2025-10-13,14:09:00,-07:00,2025-10-13T14:09:00-07:00,2,11
global.js,36,js,2d2704f7,Keanu Ventura,2025-10-13,14:09:00,-07:00,2025-10-13T14:09:00-07:00,2,0
global.js,37,js,2d2704f7,Keanu Ventura,2025-10-13,14:09:00,-07:00,2025-10-13T14:09:00-07:00,2,26
global.js,38,js,2d2704f7,Keanu Ventura,2025-10-13,14:09:00,-07:00,2025-10-13T14:09:00-07:00,3,4
global.js,39,js,2d2704f7,Keanu Ventura,2025-10-13,14:09:00,-07:00,2025-10-13T14:09:00-07:00,3,31
global.js,40,js,2d2704f7,Keanu Ventura,2025-10-13,14:09:00,-07:00,2025-10-13T14:09:00-07:00,4,52
global.js,41,js,2d2704f7,Keanu Ventura,2025-10-13,14:09:00,-07:00,2025-10-13T14:09:00-07:00,4,34
global.js,42,js,2d2704f7,Keanu Ventura,2025-10-13,14:09:00,-07:00,2025-10-13T14:09:00-07:00,4,32
global.js,43,js,2d2704f7,Keanu Ventura,2025-10-13,14:09:00,-07:00,2025-10-13T14:09:00-07:00,3,7
global.js,44,js,2d2704f7,Keanu Ventura,2025-10-13,14:09:00,-07:00,2025-10-13T14:09:00-07:00,2,7
global.js,45,js,2d2704f7,Keanu Ventura,2025-10-13,14:09:00,-07:00,2025-10-13T14:09:00-07:00,0,0
global.js,46,js,2d2704f7,Keanu Ventura,2025-10-13,14:09:00,-07:00,2025-10-13T14:09:00-07:00,0,65
global.js,47,js,2d2704f7,Keanu Ventura,2025-10-13,14:09:00,-07:00,2025-10-13T14:09:00-07:00,0,34
global.js,48,js,2d2704f7,Keanu Ventura,2025-10-13,14:09:00,-07:00,2025-10-13T14:09:00-07:00,2,43
global.js,49,js,2d2704f7,Keanu Ventura,2025-10-13,14:09:00,-07:00,2025-10-13T14:09:00-07:00,2,70
global.js,50,js,2d2704f7,Keanu Ventura,2025-10-13,14:09:00,-07:00,2025-10-13T14:09:00-07:00,2,30
global.js,51,js,2d2704f7,Keanu Ventura,2025-10-13,14:09:00,-07:00,2025-10-13T14:09:00-07:00,0,0
global.js,52,js,2d2704f7,Keanu Ventura,2025-10-13,14:09:00,-07:00,2025-10-13T14:09:00-07:00,0,48
global.js,53,js,2d2704f7,Keanu Ventura,2025-10-13,14:09:00,-07:00,2025-10-13T14:09:00-07:00,2,31
global.js,54,js,2d2704f7,Keanu Ventura,2025-10-13,14:09:00,-07:00,2025-10-13T14:09:00-07:00,2,64
global.js,55,js,2d2704f7,Keanu Ventura,2025-10-13,14:09:00,-07:00,2025-10-13T14:09:00-07:00,2,55
global.js,56,js,2d2704f7,Keanu Ventura,2025-10-13,14:09:00,-07:00,2025-10-13T14:09:00-07:00,2,44
global.js,57,js,2d2704f7,Keanu Ventura,2025-10-13,14:09:00,-07:00,2025-10-13T14:09:00-07:00,0,1
global.js,58,js,2d2704f7,Keanu Ventura,2025-10-13,14:09:00,-07:00,2025-10-13T14:09:00-07:00,0,42
global.js,59,js,2d2704f7,Keanu Ventura,2025-10-13,14:09:00,-07:00,2025-10-13T14:09:00-07:00,0,43
global.js,60,js,2d2704f7,Keanu Ventura,2025-10-13,14:09:00,-07:00,2025-10-13T14:09:00-07:00,2,21
global.js,61,js,2d2704f7,Keanu Ventura,2025-10-13,14:09:00,-07:00,2025-10-13T14:09:00-07:00,2,30
global.js,62,js,2d2704f7,Keanu Ventura,2025-10-13,14:09:00,-07:00,2025-10-13T14:09:00-07:00,2,14
global.js,63,js,2d2704f7,Keanu Ventura,2025-10-13,14:09:00,-07:00,2025-10-13T14:09:00-07:00,2,31
global.js,64,js,2d2704f7,Keanu Ventura,2025-10-13,14:09:00,-07:00,2025-10-13T14:09:00-07:00,4,50
global.js,65,js,2d2704f7,Keanu Ventura,2025-10-13,14:09:00,-07:00,2025-10-13T14:09:00-07:00,2,0
global.js,66,js,2d2704f7,Keanu Ventura,2025-10-13,14:09:00,-07:00,2025-10-13T14:09:00-07:00,2,47
global.js,67,js,2d2704f7,Keanu Ventura,2025-10-13,14:09:00,-07:00,2025-10-13T14:09:00-07:00,2,18
global.js,68,js,029a65c3,Keanu Ventura,2025-10-20,20:59:10,-07:00,2025-10-20T20:59:10-07:00,0,1
global.js,69,js,029a65c3,Keanu Ventura,2025-10-20,20:59:10,-07:00,2025-10-20T20:59:10-07:00,0,36
global.js,70,js,029a65c3,Keanu Ventura,2025-10-20,20:59:10,-07:00,2025-10-20T20:59:10-07:00,2,3
global.js,71,js,029a65c3,Keanu Ventura,2025-10-20,20:59:10,-07:00,2025-10-20T20:59:10-07:00,3,32
global.js,72,js,029a65c3,Keanu Ventura,2025-10-20,20:59:10,-07:00,2025-10-20T20:59:10-07:00,3,17
global.js,73,js,029a65c3,Keanu Ventura,2025-10-20,20:59:10,-07:00,2025-10-20T20:59:10-07:00,4,66
global.js,74,js,029a65c3,Keanu Ventura,2025-10-20,20:59:10,-07:00,2025-10-20T20:59:10-07:00,3,0
global.js,75,js,029a65c3,Keanu Ventura,2025-10-20,20:59:10,-07:00,2025-10-20T20:59:10-07:00,3,33
global.js,76,js,029a65c3,Keanu Ventura,2025-10-20,20:59:10,-07:00,2025-10-20T20:59:10-07:00,4,10
global.js,77,js,029a65c3,Keanu Ventura,2025-10-20,20:59:10,-07:00,2025-10-20T20:59:10-07:00,2,15
global.js,78,js,029a65c3,Keanu Ventura,2025-10-20,20:59:10,-07:00,2025-10-20T20:59:10-07:00,3,59
global.js,79,js,029a65c3,Keanu Ventura,2025-10-20,20:59:10,-07:00,2025-10-20T20:59:10-07:00,2,0
global.js,80,js,cf30ed36,Keanu Ventura,2025-10-20,21:12:18,-07:00,2025-10-20T21:12:18-07:00,0,0
global.js,81,js,cf30ed36,Keanu Ventura,2025-10-20,21:12:18,-07:00,2025-10-20T21:12:18-07:00,0,79
global.js,82,js,cf30ed36,Keanu Ventura,2025-10-20,21:12:18,-07:00,2025-10-20T21:12:18-07:00,2,22
global.js,83,js,cf30ed36,Keanu Ventura,2025-10-20,21:12:18,-07:00,2025-10-20T21:12:18-07:00,4,41
global.js,84,js,cf30ed36,Keanu Ventura,2025-10-20,21:12:18,-07:00,2025-10-20T21:12:18-07:00,4,5
global.js,85,js,cf30ed36,Keanu Ventura,2025-10-20,21:12:18,-07:00,2025-10-20T21:12:18-07:00,2,0
global.js,86,js,cf30ed36,Keanu Ventura,2025-10-20,21:12:18,-07:00,2025-10-20T21:12:18-07:00,2,30
global.js,87,js,a097965f,Keanu Ventura,2025-10-24,13:24:29,-07:00,2025-10-24T13:24:29-07:00,2,50
global.js,88,js,59489e8b,Keanu Ventura,2025-10-24,16:16:59,-07:00,2025-10-24T16:16:59-07:00,0,0
global.js,89,js,cf30ed36,Keanu Ventura,2025-10-20,21:12:18,-07:00,2025-10-20T21:12:18-07:00,2,27
global.js,90,js,cf30ed36,Keanu Ventura,2025-10-20,21:12:18,-07:00,2025-10-20T21:12:18-07:00,4,48
global.js,91,js,59489e8b,Keanu Ventura,2025-10-24,16:16:59,-07:00,2025-10-24T16:16:59-07:00,0,0
global.js,92,js,59489e8b,Keanu Ventura,2025-10-24,16:16:59,-07:00,2025-10-24T16:16:59-07:00,4,34
global.js,93,js,59489e8b,Keanu Ventura,2025-10-24,16:16:59,-07:00,2025-10-24T16:16:59-07:00,4,52
global.js,94,js,3bb926f6,Keanu Ventura,2025-10-27,15:22:57,-07:00,2025-10-27T15:22:57-07:00,6,28
global.js,95,js,59489e8b,Keanu Ventura,2025-10-24,16:16:59,-07:00,2025-10-24T16:16:59-07:00,4,0
global.js,96,js,59489e8b,Keanu Ventura,2025-10-24,16:16:59,-07:00,2025-10-24T16:16:59-07:00,0,0
global.js,97,js,cf30ed36,Keanu Ventura,2025-10-20,21:12:18,-07:00,2025-10-20T21:12:18-07:00,4,19
global.js,98,js,cf30ed36,Keanu Ventura,2025-10-20,21:12:18,-07:00,2025-10-20T21:12:18-07:00,6,71
global.js,99,js,59489e8b,Keanu Ventura,2025-10-24,16:16:59,-07:00,2025-10-24T16:16:59-07:00,6,84
global.js,100,js,cf30ed36,Keanu Ventura,2025-10-20,21:12:18,-07:00,2025-10-20T21:12:18-07:00,6,33
global.js,101,js,3bb926f6,Keanu Ventura,2025-10-27,15:22:57,-07:00,2025-10-27T15:22:57-07:00,6,69
global.js,102,js,cf30ed36,Keanu Ventura,2025-10-20,21:12:18,-07:00,2025-10-20T21:12:18-07:00,4,0
global.js,103,js,cf30ed36,Keanu Ventura,2025-10-20,21:12:18,-07:00,2025-10-20T21:12:18-07:00,4,36
global.js,104,js,cf30ed36,Keanu Ventura,2025-10-20,21:12:18,-07:00,2025-10-20T21:12:18-07:00,2,1
global.js,105,js,a097965f,Keanu Ventura,2025-10-24,13:24:29,-07:00,2025-10-24T13:24:29-07:00,0,0
global.js,106,js,a097965f,Keanu Ventura,2025-10-24,13:24:29,-07:00,2025-10-24T13:24:29-07:00,0,47
global.js,107,js,a097965f,Keanu Ventura,2025-10-24,13:24:29,-07:00,2025-10-24T13:24:29-07:00,2,59
global.js,108,js,1a11cfeb,Keanu Ventura,2025-10-24,16:15:12,-07:00,2025-10-24T16:15:12-07:00,1,0
global.js,109,js,1a11cfeb,Keanu Ventura,2025-10-24,16:15:12,-07:00,2025-10-24T16:15:12-07:00,0,19
resume/index.html,1,html,db83b8c9,Keanu Ventura,2025-10-01,14:34:15,-07:00,2025-10-01T14:34:15-07:00,0,13
resume/index.html,2,html,db83b8c9,Keanu Ventura,2025-10-01,14:34:15,-07:00,2025-10-01T14:34:15-07:00,0,14
resume/index.html,3,html,db83b8c9,Keanu Ventura,2025-10-01,14:34:15,-07:00,2025-10-01T14:34:15-07:00,0,4
resume/index.html,4,html,db83b8c9,Keanu Ventura,2025-10-01,14:34:15,-07:00,2025-10-01T14:34:15-07:00,2,20
resume/index.html,5,html,db83b8c9,Keanu Ventura,2025-10-01,14:34:15,-07:00,2025-10-01T14:34:15-07:00,2,68
resume/index.html,6,html,116e86ed,Keanu Ventura,2025-10-01,15:22:40,-07:00,2025-10-01T15:22:40-07:00,2,19
resume/index.html,7,html,f0e1ea04,Keanu Ventura,2025-10-01,14:46:00,-07:00,2025-10-01T14:46:00-07:00,2,41
resume/index.html,8,html,db83b8c9,Keanu Ventura,2025-10-01,14:34:15,-07:00,2025-10-01T14:34:15-07:00,0,5
resume/index.html,9,html,38bb6f25,Keanu Ventura,2025-10-08,23:45:26,-07:00,2025-10-08T23:45:26-07:00,0,24
resume/index.html,10,html,7292730b,Keanu Ventura,2025-10-01,16:00:31,-07:00,2025-10-01T16:00:31-07:00,2,20
resume/index.html,11,html,7292730b,Keanu Ventura,2025-10-01,16:00:31,-07:00,2025-10-01T16:00:31-07:00,2,7
resume/index.html,12,html,7292730b,Keanu Ventura,2025-10-01,16:00:31,-07:00,2025-10-01T16:00:31-07:00,4,57
resume/index.html,13,html,7292730b,Keanu Ventura,2025-10-01,16:00:31,-07:00,2025-10-01T16:00:31-07:00,4,52
resume/index.html,14,html,7292730b,Keanu Ventura,2025-10-01,16:00:31,-07:00,2025-10-01T16:00:31-07:00,4,46
resume/index.html,15,html,7292730b,Keanu Ventura,2025-10-01,16:00:31,-07:00,2025-10-01T16:00:31-07:00,2,8
resume/index.html,16,html,778cc5bf,Keanu Ventura,2025-10-08,23:26:20,-07:00,2025-10-08T23:26:20-07:00,2,7
resume/index.html,17,html,778cc5bf,Keanu Ventura,2025-10-08,23:26:20,-07:00,2025-10-08T23:26:20-07:00,4,16
resume/index.html,18,html,778cc5bf,Keanu Ventura,2025-10-08,23:26:20,-07:00,2025-10-08T23:26:20-07:00,6,85
resume/index.html,19,html,778cc5bf,Keanu Ventura,2025-10-08,23:26:20,-07:00,2025-10-08T23:26:20-07:00,6,2
resume/index.html,20,html,778cc5bf,Keanu Ventura,2025-10-08,23:26:20,-07:00,2025-10-08T23:26:20-07:00,8,120
resume/index.html,21,html,778cc5bf,Keanu Ventura,2025-10-08,23:26:20,-07:00,2025-10-08T23:26:20-07:00,10,112
resume/index.html,22,html,778cc5bf,Keanu Ventura,2025-10-08,23:26:20,-07:00,2025-10-08T23:26:20-07:00,10,85
resume/index.html,23,html,778cc5bf,Keanu Ventura,2025-10-08,23:26:20,-07:00,2025-10-08T23:26:20-07:00,6,3
resume/index.html,24,html,778cc5bf,Keanu Ventura,2025-10-08,23:26:20,-07:00,2025-10-08T23:26:20-07:00,4,8
resume/index.html,25,html,778cc5bf,Keanu Ventura,2025-10-08,23:26:20,-07:00,2025-10-08T23:26:20-07:00,2,8
resume/index.html,26,html,778cc5bf,Keanu Ventura,2025-10-08,23:26:20,-07:00,2025-10-08T23:26:20-07:00,2,7
resume/index.html,27,html,778cc5bf,Keanu Ventura,2025-10-08,23:26:20,-07:00,2025-10-08T23:26:20-07:00,4,13
resume/index.html,28,html,778cc5bf,Keanu Ventura,2025-10-08,23:26:20,-07:00,2025-10-08T23:26:20-07:00,6,17
resume/index.html,29,html,778cc5bf,Keanu Ventura,2025-10-08,23:26:20,-07:00,2025-10-08T23:26:20-07:00,6,2
resume/index.html,30,html,778cc5bf,Keanu Ventura,2025-10-08,23:26:20,-07:00,2025-10-08T23:26:20-07:00,8,60
resume/index.html,31,html,778cc5bf,Keanu Ventura,2025-10-08,23:26:20,-07:00,2025-10-08T23:26:20-07:00,6,3
resume/index.html,32,html,778cc5bf,Keanu Ventura,2025-10-08,23:26:20,-07:00,2025-10-08T23:26:20-07:00,6,25
resume/index.html,33,html,778cc5bf,Keanu Ventura,2025-10-08,23:26:20,-07:00,2025-10-08T23:26:20-07:00,6,2
resume/index.html,34,html,778cc5bf,Keanu Ventura,2025-10-08,23:26:20,-07:00,2025-10-08T23:26:20-07:00,8,76
resume/index.html,35,html,778cc5bf,Keanu Ventura,2025-10-08,23:26:20,-07:00,2025-10-08T23:26:20-07:00,6,3
resume/index.html,36,html,778cc5bf,Keanu Ventura,2025-10-08,23:26:20,-07:00,2025-10-08T23:26:20-07:00,6,26
resume/index.html,37,html,778cc5bf,Keanu Ventura,2025-10-08,23:26:20,-07:00,2025-10-08T23:26:20-07:00,6,2
resume/index.html,38,html,778cc5bf,Keanu Ventura,2025-10-08,23:26:20,-07:00,2025-10-08T23:26:20-07:00,8,38
resume/index.html,39,html,778cc5bf,Keanu Ventura,2025-10-08,23:26:20,-07:00,2025-10-08T23:26:20-07:00,6,3
resume/index.html,40,html,778cc5bf,Keanu Ventura,2025-10-08,23:26:20,-07:00,2025-10-08T23:26:20-07:00,4,8
resume/index.html,41,html,778cc5bf,Keanu Ventura,2025-10-08,23:26:20,-07:00,2025-10-08T23:26:20-07:00,2,8
resume/index.html,42,html,907df60c,Keanu Ventura,2025-10-01,16:04:51,-07:00,2025-10-01T16:04:51-07:00,2,7
resume/index.html,43,html,907df60c,Keanu Ventura,2025-10-01,16:04:51,-07:00,2025-10-01T16:04:51-07:00,4,17
resume/index.html,44,html,6a045ca9,Keanu Ventura,2025-10-08,14:37:55,-07:00,2025-10-08T14:37:55-07:00,4,7
resume/index.html,45,html,6a045ca9,Keanu Ventura,2025-10-08,14:37:55,-07:00,2025-10-08T14:37:55-07:00,6,52
resume/index.html,46,html,6a045ca9,Keanu Ventura,2025-10-08,14:37:55,-07:00,2025-10-08T14:37:55-07:00,6,51
resume/index.html,47,html,6a045ca9,Keanu Ventura,2025-10-08,14:37:55,-07:00,2025-10-08T14:37:55-07:00,6,2
resume/index.html,48,html,6a045ca9,Keanu Ventura,2025-10-08,14:37:55,-07:00,2025-10-08T14:37:55-07:00,8,106
resume/index.html,49,html,6a045ca9,Keanu Ventura,2025-10-08,14:37:55,-07:00,2025-10-08T14:37:55-07:00,10,29
resume/index.html,50,html,6a045ca9,Keanu Ventura,2025-10-08,14:37:55,-07:00,2025-10-08T14:37:55-07:00,6,3
resume/index.html,51,html,6a045ca9,Keanu Ventura,2025-10-08,14:37:55,-07:00,2025-10-08T14:37:55-07:00,4,8
resume/index.html,52,html,a097965f,Keanu Ventura,2025-10-24,13:24:29,-07:00,2025-10-24T13:24:29-07:00,4,7
resume/index.html,53,html,a097965f,Keanu Ventura,2025-10-24,13:24:29,-07:00,2025-10-24T13:24:29-07:00,6,42
resume/index.html,54,html,a097965f,Keanu Ventura,2025-10-24,13:24:29,-07:00,2025-10-24T13:24:29-07:00,6,52
resume/index.html,55,html,a097965f,Keanu Ventura,2025-10-24,13:24:29,-07:00,2025-10-24T13:24:29-07:00,6,2
resume/index.html,56,html,a097965f,Keanu Ventura,2025-10-24,13:24:29,-07:00,2025-10-24T13:24:29-07:00,8,105
resume/index.html,57,html,a097965f,Keanu Ventura,2025-10-24,13:24:29,-07:00,2025-10-24T13:24:29-07:00,10,64
resume/index.html,58,html,a097965f,Keanu Ventura,2025-10-24,13:24:29,-07:00,2025-10-24T13:24:29-07:00,6,3
resume/index.html,59,html,a097965f,Keanu Ventura,2025-10-24,13:24:29,-07:00,2025-10-24T13:24:29-07:00,4,8
resume/index.html,60,html,907df60c,Keanu Ventura,2025-10-01,16:04:51,-07:00,2025-10-01T16:04:51-07:00,4,7
resume/index.html,61,html,eed76d39,Keanu Ventura,2025-10-03,11:04:25,-07:00,2025-10-03T11:04:25-07:00,6,63
resume/index.html,62,html,eed76d39,Keanu Ventura,2025-10-03,11:04:25,-07:00,2025-10-03T11:04:25-07:00,6,49
resume/index.html,63,html,eed76d39,Keanu Ventura,2025-10-03,11:04:25,-07:00,2025-10-03T11:04:25-07:00,6,2
resume/index.html,64,html,6a045ca9,Keanu Ventura,2025-10-08,14:37:55,-07:00,2025-10-08T14:37:55-07:00,8,112
resume/index.html,65,html,6a045ca9,Keanu Ventura,2025-10-08,14:37:55,-07:00,2025-10-08T14:37:55-07:00,10,87
resume/index.html,66,html,eed76d39,Keanu Ventura,2025-10-03,11:04:25,-07:00,2025-10-03T11:04:25-07:00,6,3
resume/index.html,67,html,eed76d39,Keanu Ventura,2025-10-03,11:04:25,-07:00,2025-10-03T11:04:25-07:00,4,8
resume/index.html,68,html,eed76d39,Keanu Ventura,2025-10-03,11:04:25,-07:00,2025-10-03T11:04:25-07:00,4,7
resume/index.html,69,html,6a045ca9,Keanu Ventura,2025-10-08,14:37:55,-07:00,2025-10-08T14:37:55-07:00,6,55
resume/index.html,70,html,eed76d39,Keanu Ventura,2025-10-03,11:04:25,-07:00,2025-10-03T11:04:25-07:00,6,54
resume/index.html,71,html,eed76d39,Keanu Ventura,2025-10-03,11:04:25,-07:00,2025-10-03T11:04:25-07:00,6,2
resume/index.html,72,html,6a045ca9,Keanu Ventura,2025-10-08,14:37:55,-07:00,2025-10-08T14:37:55-07:00,8,116
resume/index.html,73,html,6a045ca9,Keanu Ventura,2025-10-08,14:37:55,-07:00,2025-10-08T14:37:55-07:00,10,87
resume/index.html,74,html,eed76d39,Keanu Ventura,2025-10-03,11:04:25,-07:00,2025-10-03T11:04:25-07:00,6,3
resume/index.html,75,html,eed76d39,Keanu Ventura,2025-10-03,11:04:25,-07:00,2025-10-03T11:04:25-07:00,4,8
resume/index.html,76,html,eed76d39,Keanu Ventura,2025-10-03,11:04:25,-07:00,2025-10-03T11:04:25-07:00,4,7
resume/index.html,77,html,eed76d39,Keanu Ventura,2025-10-03,11:04:25,-07:00,2025-10-03T11:04:25-07:00,6,49
resume/index.html,78,html,eed76d39,Keanu Ventura,2025-10-03,11:04:25,-07:00,2025-10-03T11:04:25-07:00,6,54
resume/index.html,79,html,eed76d39,Keanu Ventura,2025-10-03,11:04:25,-07:00,2025-10-03T11:04:25-07:00,6,2
resume/index.html,80,html,6a045ca9,Keanu Ventura,2025-10-08,14:37:55,-07:00,2025-10-08T14:37:55-07:00,8,110
resume/index.html,81,html,6a045ca9,Keanu Ventura,2025-10-08,14:37:55,-07:00,2025-10-08T14:37:55-07:00,10,45
resume/index.html,82,html,eed76d39,Keanu Ventura,2025-10-03,11:04:25,-07:00,2025-10-03T11:04:25-07:00,6,3
resume/index.html,83,html,eed76d39,Keanu Ventura,2025-10-03,11:04:25,-07:00,2025-10-03T11:04:25-07:00,4,8
resume/index.html,84,html,eed76d39,Keanu Ventura,2025-10-03,11:04:25,-07:00,2025-10-03T11:04:25-07:00,2,8
resume/index.html,85,html,eed76d39,Keanu Ventura,2025-10-03,11:04:25,-07:00,2025-10-03T11:04:25-07:00,2,7
resume/index.html,86,html,eed76d39,Keanu Ventura,2025-10-03,11:04:25,-07:00,2025-10-03T11:04:25-07:00,4,15
resume/index.html,87,html,eed76d39,Keanu Ventura,2025-10-03,11:04:25,-07:00,2025-10-03T11:04:25-07:00,4,7
resume/index.html,88,html,eed76d39,Keanu Ventura,2025-10-03,11:04:25,-07:00,2025-10-03T11:04:25-07:00,6,81
resume/index.html,89,html,eed76d39,Keanu Ventura,2025-10-03,11:04:25,-07:00,2025-10-03T11:04:25-07:00,6,2
resume/index.html,90,html,6a045ca9,Keanu Ventura,2025-10-08,14:37:55,-07:00,2025-10-08T14:37:55-07:00,8,115
resume/index.html,91,html,6a045ca9,Keanu Ventura,2025-10-08,14:37:55,-07:00,2025-10-08T14:37:55-07:00,10,105
resume/index.html,92,html,6a045ca9,Keanu Ventura,2025-10-08,14:37:55,-07:00,2025-10-08T14:37:55-07:00,8,114
resume/index.html,93,html,6a045ca9,Keanu Ventura,2025-10-08,14:37:55,-07:00,2025-10-08T14:37:55-07:00,10,73
resume/index.html,94,html,6a045ca9,Keanu Ventura,2025-10-08,14:37:55,-07:00,2025-10-08T14:37:55-07:00,8,94
resume/index.html,95,html,eed76d39,Keanu Ventura,2025-10-03,11:04:25,-07:00,2025-10-03T11:04:25-07:00,6,3
resume/index.html,96,html,eed76d39,Keanu Ventura,2025-10-03,11:04:25,-07:00,2025-10-03T11:04:25-07:00,4,8
resume/index.html,97,html,eed76d39,Keanu Ventura,2025-10-03,11:04:25,-07:00,2025-10-03T11:04:25-07:00,4,7
resume/index.html,98,html,eed76d39,Keanu Ventura,2025-10-03,11:04:25,-07:00,2025-10-03T11:04:25-07:00,6,74
resume/index.html,99,html,eed76d39,Keanu Ventura,2025-10-03,11:04:25,-07:00,2025-10-03T11:04:25-07:00,6,2
resume/index.html,100,html,6a045ca9,Keanu Ventura,2025-10-08,14:37:55,-07:00,2025-10-08T14:37:55-07:00,8,110
resume/index.html,101,html,6a045ca9,Keanu Ventura,2025-10-08,14:37:55,-07:00,2025-10-08T14:37:55-07:00,10,59
resume/index.html,102,html,6a045ca9,Keanu Ventura,2025-10-08,14:37:55,-07:00,2025-10-08T14:37:55-07:00,8,112
resume/index.html,103,html,6a045ca9,Keanu Ventura,2025-10-08,14:37:55,-07:00,2025-10-08T14:37:55-07:00,10,112
resume/index.html,104,html,6a045ca9,Keanu Ventura,2025-10-08,14:37:55,-07:00,2025-10-08T14:37:55-07:00,10,70
resume/index.html,105,html,6a045ca9,Keanu Ventura,2025-10-08,14:37:55,-07:00,2025-10-08T14:37:55-07:00,8,105
resume/index.html,106,html,eed76d39,Keanu Ventura,2025-10-03,11:04:25,-07:00,2025-10-03T11:04:25-07:00,6,3
resume/index.html,107,html,eed76d39,Keanu Ventura,2025-10-03,11:04:25,-07:00,2025-10-03T11:04:25-07:00,4,8
resume/index.html,108,html,eed76d39,Keanu Ventura,2025-10-03,11:04:25,-07:00,2025-10-03T11:04:25-07:00,4,7
resume/index.html,109,html,eed76d39,Keanu Ventura,2025-10-03,11:04:25,-07:00,2025-10-03T11:04:25-07:00,6,59
resume/index.html,110,html,eed76d39,Keanu Ventura,2025-10-03,11:04:25,-07:00,2025-10-03T11:04:25-07:00,6,2
resume/index.html,111,html,6a045ca9,Keanu Ventura,2025-10-08,14:37:55,-07:00,2025-10-08T14:37:55-07:00,8,104
resume/index.html,112,html,6a045ca9,Keanu Ventura,2025-10-08,14:37:55,-07:00,2025-10-08T14:37:55-07:00,8,114
resume/index.html,113,html,eed76d39,Keanu Ventura,2025-10-03,11:04:25,-07:00,2025-10-03T11:04:25-07:00,6,3
resume/index.html,114,html,eed76d39,Keanu Ventura,2025-10-03,11:04:25,-07:00,2025-10-03T11:04:25-07:00,4,8
resume/index.html,115,html,eed76d39,Keanu Ventura,2025-10-03,11:04:25,-07:00,2025-10-03T11:04:25-07:00,2,8
resume/index.html,116,html,36ffd7b2,Keanu Ventura,2025-10-13,12:17:40,-07:00,2025-10-13T12:17:40-07:00,2,48
resume/index.html,117,html,db83b8c9,Keanu Ventura,2025-10-01,14:34:15,-07:00,2025-10-01T14:34:15-07:00,0,5
resume/index.html,118,html,db83b8c9,Keanu Ventura,2025-10-01,14:34:15,-07:00,2025-10-01T14:34:15-07:00,0,5
projects/projects.js,1,js,029a65c3,Keanu Ventura,2025-10-20,20:59:10,-07:00,2025-10-20T20:59:10-07:00,0,55
projects/projects.js,2,js,9e1e403a,Keanu Ventura,2025-10-27,22:37:05,-07:00,2025-10-27T22:37:05-07:00,0,63
projects/projects.js,3,js,9e1e403a,Keanu Ventura,2025-10-27,22:37:05,-07:00,2025-10-27T22:37:05-07:00,0,0
projects/projects.js,4,js,029a65c3,Keanu Ventura,2025-10-20,20:59:10,-07:00,2025-10-20T20:59:10-07:00,0,55
projects/projects.js,5,js,029a65c3,Keanu Ventura,2025-10-20,20:59:10,-07:00,2025-10-20T20:59:10-07:00,0,60
projects/projects.js,6,js,cf30ed36,Keanu Ventura,2025-10-20,21:12:18,-07:00,2025-10-20T21:12:18-07:00,0,62
projects/projects.js,7,js,9e1e403a,Keanu Ventura,2025-10-27,22:37:05,-07:00,2025-10-27T22:37:05-07:00,0,34
projects/projects.js,8,js,9e1e403a,Keanu Ventura,2025-10-27,22:37:05,-07:00,2025-10-27T22:37:05-07:00,0,55
projects/projects.js,9,js,9e1e403a,Keanu Ventura,2025-10-27,22:37:05,-07:00,2025-10-27T22:37:05-07:00,0,0
projects/projects.js,10,js,cf30ed36,Keanu Ventura,2025-10-20,21:12:18,-07:00,2025-10-20T21:12:18-07:00,0,18
projects/projects.js,11,js,cf30ed36,Keanu Ventura,2025-10-20,21:12:18,-07:00,2025-10-20T21:12:18-07:00,2,56
projects/projects.js,12,js,3bb926f6,Keanu Ventura,2025-10-27,15:22:57,-07:00,2025-10-27T15:22:57-07:00,0,0
projects/projects.js,13,js,9e1e403a,Keanu Ventura,2025-10-27,22:37:05,-07:00,2025-10-27T22:37:05-07:00,0,0
projects/projects.js,14,js,4fe882e6,Keanu Ventura,2025-10-27,23:47:45,-07:00,2025-10-27T23:47:45-07:00,0,48
projects/projects.js,15,js,4fe882e6,Keanu Ventura,2025-10-27,23:47:45,-07:00,2025-10-27T23:47:45-07:00,0,0
projects/projects.js,16,js,9e1e403a,Keanu Ventura,2025-10-27,22:37:05,-07:00,2025-10-27T22:37:05-07:00,0,13
projects/projects.js,17,js,32b0366f,Keanu Ventura,2025-10-27,23:59:58,-07:00,2025-10-27T23:59:58-07:00,0,22
projects/projects.js,18,js,9e1e403a,Keanu Ventura,2025-10-27,22:37:05,-07:00,2025-10-27T22:37:05-07:00,0,0
projects/projects.js,19,js,4fe882e6,Keanu Ventura,2025-10-27,23:47:45,-07:00,2025-10-27T23:47:45-07:00,0,30
projects/projects.js,20,js,4fe882e6,Keanu Ventura,2025-10-27,23:47:45,-07:00,2025-10-27T23:47:45-07:00,2,39
projects/projects.js,21,js,4fe882e6,Keanu Ventura,2025-10-27,23:47:45,-07:00,2025-10-27T23:47:45-07:00,4,61
projects/projects.js,22,js,4fe882e6,Keanu Ventura,2025-10-27,23:47:45,-07:00,2025-10-27T23:47:45-07:00,2,0
projects/projects.js,23,js,4fe882e6,Keanu Ventura,2025-10-27,23:47:45,-07:00,2025-10-27T23:47:45-07:00,0,0
projects/projects.js,24,js,32b0366f,Keanu Ventura,2025-10-27,23:59:58,-07:00,2025-10-27T23:59:58-07:00,2,17
projects/projects.js,25,js,32b0366f,Keanu Ventura,2025-10-27,23:59:58,-07:00,2025-10-27T23:59:58-07:00,4,55
projects/projects.js,26,js,4fe882e6,Keanu Ventura,2025-10-27,23:47:45,-07:00,2025-10-27T23:47:45-07:00,2,0
projects/projects.js,27,js,4fe882e6,Keanu Ventura,2025-10-27,23:47:45,-07:00,2025-10-27T23:47:45-07:00,0,0
projects/projects.js,28,js,4fe882e6,Keanu Ventura,2025-10-27,23:47:45,-07:00,2025-10-27T23:47:45-07:00,2,14
projects/projects.js,29,js,4fe882e6,Keanu Ventura,2025-10-27,23:47:45,-07:00,2025-10-27T23:47:45-07:00,0,0
projects/projects.js,30,js,4fe882e6,Keanu Ventura,2025-10-27,23:47:45,-07:00,2025-10-27T23:47:45-07:00,0,0
projects/projects.js,31,js,4fe882e6,Keanu Ventura,2025-10-27,23:47:45,-07:00,2025-10-27T23:47:45-07:00,0,12
projects/projects.js,32,js,9e1e403a,Keanu Ventura,2025-10-27,22:37:05,-07:00,2025-10-27T22:37:05-07:00,0,0
projects/projects.js,33,js,9e1e403a,Keanu Ventura,2025-10-27,22:37:05,-07:00,2025-10-27T22:37:05-07:00,0,38
projects/projects.js,34,js,4fe882e6,Keanu Ventura,2025-10-27,23:47:45,-07:00,2025-10-27T23:47:45-07:00,2,28
projects/projects.js,35,js,9e1e403a,Keanu Ventura,2025-10-27,22:37:05,-07:00,2025-10-27T22:37:05-07:00,4,12
projects/projects.js,36,js,9e1e403a,Keanu Ventura,2025-10-27,22:37:05,-07:00,2025-10-27T22:37:05-07:00,4,14
projects/projects.js,37,js,9e1e403a,Keanu Ventura,2025-10-27,22:37:05,-07:00,2025-10-27T22:37:05-07:00,4,11
projects/projects.js,38,js,9e1e403a,Keanu Ventura,2025-10-27,22:37:05,-07:00,2025-10-27T22:37:05-07:00,2,0
projects/projects.js,39,js,9e1e403a,Keanu Ventura,2025-10-27,22:37:05,-07:00,2025-10-27T22:37:05-07:00,0,0
projects/projects.js,40,js,4fe882e6,Keanu Ventura,2025-10-27,23:47:45,-07:00,2025-10-27T23:47:45-07:00,2,72
projects/projects.js,41,js,4fe882e6,Keanu Ventura,2025-10-27,23:47:45,-07:00,2025-10-27T23:47:45-07:00,2,49
projects/projects.js,42,js,9e1e403a,Keanu Ventura,2025-10-27,22:37:05,-07:00,2025-10-27T22:37:05-07:00,0,0
projects/projects.js,43,js,4fe882e6,Keanu Ventura,2025-10-27,23:47:45,-07:00,2025-10-27T23:47:45-07:00,2,52
projects/projects.js,44,js,4fe882e6,Keanu Ventura,2025-10-27,23:47:45,-07:00,2025-10-27T23:47:45-07:00,2,35
projects/projects.js,45,js,9e1e403a,Keanu Ventura,2025-10-27,22:37:05,-07:00,2025-10-27T22:37:05-07:00,0,0
projects/projects.js,46,js,4fe882e6,Keanu Ventura,2025-10-27,23:47:45,-07:00,2025-10-27T23:47:45-07:00,2,27
projects/projects.js,47,js,9e1e403a,Keanu Ventura,2025-10-27,22:37:05,-07:00,2025-10-27T22:37:05-07:00,2,29
projects/projects.js,48,js,9e1e403a,Keanu Ventura,2025-10-27,22:37:05,-07:00,2025-10-27T22:37:05-07:00,2,30
projects/projects.js,49,js,9e1e403a,Keanu Ventura,2025-10-27,22:37:05,-07:00,2025-10-27T22:37:05-07:00,0,0
projects/projects.js,50,js,32b0366f,Keanu Ventura,2025-10-27,23:59:58,-07:00,2025-10-27T23:59:58-07:00,2,25
projects/projects.js,51,js,32b0366f,Keanu Ventura,2025-10-27,23:59:58,-07:00,2025-10-27T23:59:58-07:00,4,50
projects/projects.js,52,js,32b0366f,Keanu Ventura,2025-10-27,23:59:58,-07:00,2025-10-27T23:59:58-07:00,0,0
projects/projects.js,53,js,9e1e403a,Keanu Ventura,2025-10-27,22:37:05,-07:00,2025-10-27T22:37:05-07:00,4,16
projects/projects.js,54,js,32b0366f,Keanu Ventura,2025-10-27,23:59:58,-07:00,2025-10-27T23:59:58-07:00,6,16
projects/projects.js,55,js,9e1e403a,Keanu Ventura,2025-10-27,22:37:05,-07:00,2025-10-27T22:37:05-07:00,6,22
projects/projects.js,56,js,32b0366f,Keanu Ventura,2025-10-27,23:59:58,-07:00,2025-10-27T23:59:58-07:00,6,61
projects/projects.js,57,js,32b0366f,Keanu Ventura,2025-10-27,23:59:58,-07:00,2025-10-27T23:59:58-07:00,6,23
projects/projects.js,58,js,32b0366f,Keanu Ventura,2025-10-27,23:59:58,-07:00,2025-10-27T23:59:58-07:00,8,22
projects/projects.js,59,js,32b0366f,Keanu Ventura,2025-10-27,23:59:58,-07:00,2025-10-27T23:59:58-07:00,8,65
projects/projects.js,60,js,4fe882e6,Keanu Ventura,2025-10-27,23:47:45,-07:00,2025-10-27T23:47:45-07:00,8,14
projects/projects.js,61,js,9e1e403a,Keanu Ventura,2025-10-27,22:37:05,-07:00,2025-10-27T22:37:05-07:00,6,1
projects/projects.js,62,js,9e1e403a,Keanu Ventura,2025-10-27,22:37:05,-07:00,2025-10-27T22:37:05-07:00,2,1
projects/projects.js,63,js,9e1e403a,Keanu Ventura,2025-10-27,22:37:05,-07:00,2025-10-27T22:37:05-07:00,0,0
projects/projects.js,64,js,9e1e403a,Keanu Ventura,2025-10-27,22:37:05,-07:00,2025-10-27T22:37:05-07:00,2,22
projects/projects.js,65,js,9e1e403a,Keanu Ventura,2025-10-27,22:37:05,-07:00,2025-10-27T22:37:05-07:00,4,17
projects/projects.js,66,js,9e1e403a,Keanu Ventura,2025-10-27,22:37:05,-07:00,2025-10-27T22:37:05-07:00,6,36
projects/projects.js,67,js,32b0366f,Keanu Ventura,2025-10-27,23:59:58,-07:00,2025-10-27T23:59:58-07:00,6,79
projects/projects.js,68,js,9e1e403a,Keanu Ventura,2025-10-27,22:37:05,-07:00,2025-10-27T22:37:05-07:00,6,69
projects/projects.js,69,js,9e1e403a,Keanu Ventura,2025-10-27,22:37:05,-07:00,2025-10-27T22:37:05-07:00,2,1
projects/projects.js,70,js,9e1e403a,Keanu Ventura,2025-10-27,22:37:05,-07:00,2025-10-27T22:37:05-07:00,0,0
projects/projects.js,71,js,9e1e403a,Keanu Ventura,2025-10-27,22:37:05,-07:00,2025-10-27T22:37:05-07:00,0,0
projects/projects.js,72,js,4fe882e6,Keanu Ventura,2025-10-27,23:47:45,-07:00,2025-10-27T23:47:45-07:00,0,24
projects/projects.js,73,js,4fe882e6,Keanu Ventura,2025-10-27,23:47:45,-07:00,2025-10-27T23:47:45-07:00,2,45
projects/projects.js,74,js,4fe882e6,Keanu Ventura,2025-10-27,23:47:45,-07:00,2025-10-27T23:47:45-07:00,2,56
projects/projects.js,75,js,4fe882e6,Keanu Ventura,2025-10-27,23:47:45,-07:00,2025-10-27T23:47:45-07:00,2,31
projects/projects.js,76,js,4fe882e6,Keanu Ventura,2025-10-27,23:47:45,-07:00,2025-10-27T23:47:45-07:00,0,0
projects/projects.js,77,js,4fe882e6,Keanu Ventura,2025-10-27,23:47:45,-07:00,2025-10-27T23:47:45-07:00,0,0
projects/projects.js,78,js,9e1e403a,Keanu Ventura,2025-10-27,22:37:05,-07:00,2025-10-27T22:37:05-07:00,0,23
projects/projects.js,79,js,9e1e403a,Keanu Ventura,2025-10-27,22:37:05,-07:00,2025-10-27T22:37:05-07:00,0,0
projects/projects.js,80,js,9e1e403a,Keanu Ventura,2025-10-27,22:37:05,-07:00,2025-10-27T22:37:05-07:00,0,48
projects/projects.js,81,js,9e1e403a,Keanu Ventura,2025-10-27,22:37:05,-07:00,2025-10-27T22:37:05-07:00,2,39
projects/projects.js,82,js,4fe882e6,Keanu Ventura,2025-10-27,23:47:45,-07:00,2025-10-27T23:47:45-07:00,2,14
projects/projects.js,83,js,32b0366f,Keanu Ventura,2025-10-27,23:59:58,-07:00,2025-10-27T23:59:58-07:00,0,1
projects/index.html,1,html,cee77b30,Keanu Ventura,2025-09-29,15:29:16,-07:00,2025-09-29T15:29:16-07:00,0,13
projects/index.html,2,html,cee77b30,Keanu Ventura,2025-09-29,15:29:16,-07:00,2025-09-29T15:29:16-07:00,0,14
projects/index.html,3,html,cee77b30,Keanu Ventura,2025-09-29,15:29:16,-07:00,2025-09-29T15:29:16-07:00,0,4
projects/index.html,4,html,cee77b30,Keanu Ventura,2025-09-29,15:29:16,-07:00,2025-09-29T15:29:16-07:00,2,20
projects/index.html,5,html,cee77b30,Keanu Ventura,2025-09-29,15:29:16,-07:00,2025-09-29T15:29:16-07:00,2,68
projects/index.html,6,html,cee77b30,Keanu Ventura,2025-09-29,15:29:16,-07:00,2025-09-29T15:29:16-07:00,2,21
projects/index.html,7,html,f0e1ea04,Keanu Ventura,2025-10-01,14:46:00,-07:00,2025-10-01T14:46:00-07:00,2,41
projects/index.html,8,html,cee77b30,Keanu Ventura,2025-09-29,15:29:16,-07:00,2025-09-29T15:29:16-07:00,0,5
projects/index.html,9,html,778cc5bf,Keanu Ventura,2025-10-08,23:26:20,-07:00,2025-10-08T23:26:20-07:00,0,25
projects/index.html,10,html,cf30ed36,Keanu Ventura,2025-10-20,21:12:18,-07:00,2025-10-20T21:12:18-07:00,2,38
projects/index.html,11,html,3bb926f6,Keanu Ventura,2025-10-27,15:22:57,-07:00,2025-10-27T15:22:57-07:00,2,21
projects/index.html,12,html,3bb926f6,Keanu Ventura,2025-10-27,15:22:57,-07:00,2025-10-27T15:22:57-07:00,4,58
projects/index.html,13,html,3bb926f6,Keanu Ventura,2025-10-27,15:22:57,-07:00,2025-10-27T15:22:57-07:00,4,22
projects/index.html,14,html,3bb926f6,Keanu Ventura,2025-10-27,15:22:57,-07:00,2025-10-27T15:22:57-07:00,2,4
projects/index.html,15,html,9e1e403a,Keanu Ventura,2025-10-27,22:37:05,-07:00,2025-10-27T22:37:05-07:00,2,101
projects/index.html,16,html,778cc5bf,Keanu Ventura,2025-10-08,23:26:20,-07:00,2025-10-08T23:26:20-07:00,2,20
projects/index.html,17,html,778cc5bf,Keanu Ventura,2025-10-08,23:26:20,-07:00,2025-10-08T23:26:20-07:00,2,4
projects/index.html,18,html,cf30ed36,Keanu Ventura,2025-10-20,21:12:18,-07:00,2025-10-20T21:12:18-07:00,2,47
projects/index.html,19,html,cee77b30,Keanu Ventura,2025-09-29,15:29:16,-07:00,2025-09-29T15:29:16-07:00,0,5
projects/index.html,20,html,cee77b30,Keanu Ventura,2025-09-29,15:29:16,-07:00,2025-09-29T15:29:16-07:00,0,5
meta/index.html,1,html,969d580c,Keanu Ventura,2025-11-02,19:06:40,-08:00,2025-11-02T19:06:40-08:00,0,13
meta/index.html,2,html,969d580c,Keanu Ventura,2025-11-02,19:06:40,-08:00,2025-11-02T19:06:40-08:00,0,14
meta/index.html,3,html,969d580c,Keanu Ventura,2025-11-02,19:06:40,-08:00,2025-11-02T19:06:40-08:00,0,4
meta/index.html,4,html,969d580c,Keanu Ventura,2025-11-02,19:06:40,-08:00,2025-11-02T19:06:40-08:00,2,20
meta/index.html,5,html,969d580c,Keanu Ventura,2025-11-02,19:06:40,-08:00,2025-11-02T19:06:40-08:00,2,68
meta/index.html,6,html,969d580c,Keanu Ventura,2025-11-02,19:06:40,-08:00,2025-11-02T19:06:40-08:00,2,17
meta/index.html,7,html,969d580c,Keanu Ventura,2025-11-02,19:06:40,-08:00,2025-11-02T19:06:40-08:00,2,41
meta/index.html,8,html,969d580c,Keanu Ventura,2025-11-02,19:06:40,-08:00,2025-11-02T19:06:40-08:00,0,5
meta/index.html,9,html,969d580c,Keanu Ventura,2025-11-02,19:06:40,-08:00,2025-11-02T19:06:40-08:00,0,4
meta/index.html,10,html,969d580c,Keanu Ventura,2025-11-02,19:06:40,-08:00,2025-11-02T19:06:40-08:00,2,4
meta/index.html,11,html,969d580c,Keanu Ventura,2025-11-02,19:06:40,-08:00,2025-11-02T19:06:40-08:00,4,11
meta/index.html,12,html,969d580c,Keanu Ventura,2025-11-02,19:06:40,-08:00,2025-11-02T19:06:40-08:00,4,61
meta/index.html,13,html,969d580c,Keanu Ventura,2025-11-02,19:06:40,-08:00,2025-11-02T19:06:40-08:00,4,38
meta/index.html,14,html,969d580c,Keanu Ventura,2025-11-02,19:06:40,-08:00,2025-11-02T19:06:40-08:00,2,5
meta/index.html,15,html,969d580c,Keanu Ventura,2025-11-02,19:06:40,-08:00,2025-11-02T19:06:40-08:00,2,48
meta/index.html,16,html,969d580c,Keanu Ventura,2025-11-02,19:06:40,-08:00,2025-11-02T19:06:40-08:00,0,5
meta/index.html,17,html,969d580c,Keanu Ventura,2025-11-02,19:06:40,-08:00,2025-11-02T19:06:40-08:00,0,5
contact/index.html,1,html,cee77b30,Keanu Ventura,2025-09-29,15:29:16,-07:00,2025-09-29T15:29:16-07:00,0,13
contact/index.html,2,html,cee77b30,Keanu Ventura,2025-09-29,15:29:16,-07:00,2025-09-29T15:29:16-07:00,0,14
contact/index.html,3,html,cee77b30,Keanu Ventura,2025-09-29,15:29:16,-07:00,2025-09-29T15:29:16-07:00,0,4
contact/index.html,4,html,cee77b30,Keanu Ventura,2025-09-29,15:29:16,-07:00,2025-09-29T15:29:16-07:00,2,20
contact/index.html,5,html,cee77b30,Keanu Ventura,2025-09-29,15:29:16,-07:00,2025-09-29T15:29:16-07:00,2,68
contact/index.html,6,html,d195bfdc,Keanu Ventura,2025-09-29,15:34:10,-07:00,2025-09-29T15:34:10-07:00,2,20
contact/index.html,7,html,f0e1ea04,Keanu Ventura,2025-10-01,14:46:00,-07:00,2025-10-01T14:46:00-07:00,2,41
contact/index.html,8,html,cee77b30,Keanu Ventura,2025-09-29,15:29:16,-07:00,2025-09-29T15:29:16-07:00,0,5
contact/index.html,9,html,778cc5bf,Keanu Ventura,2025-10-08,23:26:20,-07:00,2025-10-08T23:26:20-07:00,0,25
contact/index.html,10,html,af0a2dc0,Keanu Ventura,2025-10-01,14:08:13,-07:00,2025-10-01T14:08:13-07:00,2,14
contact/index.html,11,html,2d2704f7,Keanu Ventura,2025-10-13,14:09:00,-07:00,2025-10-13T14:09:00-07:00,2,52
contact/index.html,12,html,778cc5bf,Keanu Ventura,2025-10-08,23:26:20,-07:00,2025-10-08T23:26:20-07:00,4,35
contact/index.html,13,html,778cc5bf,Keanu Ventura,2025-10-08,23:26:20,-07:00,2025-10-08T23:26:20-07:00,4,33
contact/index.html,14,html,778cc5bf,Keanu Ventura,2025-10-08,23:26:20,-07:00,2025-10-08T23:26:20-07:00,4,29
contact/index.html,15,html,778cc5bf,Keanu Ventura,2025-10-08,23:26:20,-07:00,2025-10-08T23:26:20-07:00,4,41
contact/index.html,16,html,778cc5bf,Keanu Ventura,2025-10-08,23:26:20,-07:00,2025-10-08T23:26:20-07:00,4,19
contact/index.html,17,html,778cc5bf,Keanu Ventura,2025-10-08,23:26:20,-07:00,2025-10-08T23:26:20-07:00,2,5
contact/index.html,18,html,36ffd7b2,Keanu Ventura,2025-10-13,12:17:40,-07:00,2025-10-13T12:17:40-07:00,2,48
contact/index.html,19,html,cee77b30,Keanu Ventura,2025-09-29,15:29:16,-07:00,2025-09-29T15:29:16-07:00,0,5
contact/index.html,20,html,cee77b30,Keanu Ventura,2025-09-29,15:29:16,-07:00,2025-09-29T15:29:16-07:00,0,5
